75,1/1/2014,1,0.07, ,0, ,284, ,8.6, ,70.5, ,40.9, ,52.9, ,84, ,32, ,63, ,40.5, ,2.9, ,68.5, ,52.5, 
75,1/2/2014,2,0.09, ,0, ,279, ,7.7, ,76.4, ,43.2, ,57.2, ,70, ,23, ,48, ,37.7, ,2.2, ,54, ,52.6, 
75,1/3/2014,3,0.07, ,0, ,262, ,8.2, ,71, ,42.9, ,54.8, ,74, ,33, ,56, ,39.3, ,2.3, ,54.3, ,52.7, 
75,1/4/2014,4,0.06, ,0, ,238, ,9.8, ,69, ,43.4, ,53.4, ,95, ,48, ,70, ,43.9, ,2.6, ,61.4, ,52.9, 
75,1/5/2014,5,0.11, ,0, ,302, ,6.6, ,78.7, ,42.1, ,59.6, ,97, ,6, ,38, ,33.8, ,3.8, ,90.8, ,53.1, 
75,1/6/2014,6,0.14, ,0, ,302, ,3.3, ,76.9, ,47.4, ,65.7, ,37, ,7, ,15, ,17.1, ,5, ,120.1, ,53.1, 
75,1/7/2014,7,0.08, ,0, ,235, ,5.5, ,71.7, ,44.8, ,56.8, ,68, ,15, ,35, ,29.2, ,2.6, ,62.8, ,52.8, 
75,1/8/2014,8,0.07, ,0, ,277, ,9.5, ,67.4, ,41.4, ,52.9, ,93, ,43, ,69, ,43.1, ,2.7, ,64.1, ,52.9, 
75,1/9/2014,9,0.05, ,0, ,226, ,11.6, ,62.8, ,46.3, ,53.3, ,94, ,61, ,83, ,48.4, ,3, ,72.8, ,53.3, 
75,1/10/2014,10,0.07, ,0, ,284, ,10.6, ,70.1, ,43.4, ,54, ,97, ,42, ,74, ,46, ,2.6, ,63.4, ,53.4, 
75,1/11/2014,11,0.08, ,0, ,291, ,9.4, ,72.2, ,44.5, ,56.6, ,84, ,33, ,60, ,42.8, ,2.9, ,69.6, ,53.5, 
75,1/12/2014,12,0.05, ,0, ,233, ,10.3, ,67.9, ,42, ,54.6, ,97, ,24, ,70, ,45.2, ,2.8, ,66.6, ,53.6, 
75,1/13/2014,13,0.15, ,0, ,315, ,3.6, ,80.2,Y,54.8, ,70, ,26, ,9, ,14, ,19.1, ,5.3, ,126.9, ,53.7, 
75,1/14/2014,14,0.18,R,0, ,316, ,2.7, ,84.1,Y,55.2, ,74.6,H,18,H,6,H,9, ,12.4, ,7.6,Y,181.6,Y,53.9, 
75,1/15/2014,15,0.14,R,0, ,321, ,3.1, ,86.1,Y,71.4,S,77.8,H,12,H,7,H,10, ,16.1, ,7.2,Y,172.3,Y,54.5, 
75,1/16/2014,16,0.14,R,0, ,326, ,2.2,Y,85.6,Y,59.8,Y,77.4,H,14,H,5,H,7,Y,8.2,Y,7.5,Y,179.8,Y,55, 
75,1/17/2014,17,0.14, ,0, ,322, ,3.3, ,83.4,Y,52.2, ,70,H,28,H,6,H,13, ,16.9, ,3.8, ,91.3, ,55.2, 
75,1/18/2014,18,0.12, ,0, ,323, ,3.7, ,80.6,Y,48.4, ,61.3, ,28, ,11, ,20, ,20.1, ,3.4, ,80.8, ,54.6, 
75,1/19/2014,19,0.11, ,0, ,304, ,4.3, ,78, ,48.7, ,60.8, ,36, ,13, ,24, ,23.6, ,3.1, ,73.2, ,54, 
75,1/20/2014,20,0.11, ,0, ,316, ,5.9, ,78.8, ,46.7, ,58.9, ,63, ,15, ,34, ,31, ,2.9, ,68.9, ,53.7, 
75,1/21/2014,21,0.07, ,0, ,174, ,6.9, ,74.8, ,47, ,60.4, ,55, ,17, ,38, ,35, ,2.3, ,54.4, ,53.6, 
75,1/22/2014,22,0.1, ,0, ,302, ,8.6, ,75.5, ,43.4, ,59, ,99, ,23, ,50, ,40.6, ,2.8, ,68.3, ,54.1, 
75,1/23/2014,23,0.07, ,0, ,291, ,10.2, ,70.3, ,36.8, ,52.1, ,99, ,42, ,77, ,45, ,2.2, ,53.6, ,53.9, 
75,1/24/2014,24,0.05, ,0, ,157, ,9.5, ,71.4, ,49.9, ,59.5, ,86, ,26, ,55, ,43.3, ,2.2, ,51.7, ,54.3, 
75,1/25/2014,25,0.11, ,0, ,310, ,8.4, ,74.5, ,50.1, ,62, ,77, ,20, ,44, ,39.9, ,2.9, ,70.5, ,55.1, 
75,1/26/2014,26,0.06, ,0, ,200, ,9.8, ,68, ,47.2, ,56.7, ,86, ,45, ,62, ,43.9, ,2.7, ,65.3, ,55.1, 
75,1/27/2014,27,0.08, ,0, ,311, ,12, ,69.3, ,47.2, ,56.4, ,94, ,55, ,77, ,49.4, ,2.7, ,64.4, ,55.3, 
75,1/28/2014,28,0.06, ,0, ,317, ,13.2, ,69, ,32,Y,59.2, ,100, ,58, ,77, ,51.9, ,2.8, ,66.7, ,55.5, 
75,1/29/2014,29,0.08, ,0, ,285, ,13.4, ,73.8, ,47.6, ,57.4, ,100, ,45, ,83, ,52.3, ,2.9, ,69, ,56, 
75,1/30/2014,30,0.02, ,0, ,115, ,13.4, ,61.2, ,51.1, ,56.7, ,94, ,74, ,85, ,52.3, ,4.5, ,107.4, ,56.6, 
75,1/31/2014,31,0.06, ,0.01, ,221, ,11, ,61.4, ,42.8, ,55, ,93, ,60, ,74, ,47.1, ,3.7, ,88.6, ,56.9, 
75,2/1/2014,32,0.11, ,0, ,355, ,5.8, ,65.4, ,40.9, ,51.5, ,78, ,23, ,44, ,30.6, ,4, ,94.8, ,55.9, 
75,2/2/2014,33,0.08, ,0.05, ,265, ,7, ,62.2, ,39.1, ,51.7, ,85, ,22, ,53, ,35.4, ,3.8, ,90.7, ,54.5, 
75,2/3/2014,34,0.09, ,0.04, ,343, ,9.4, ,61, ,40.5, ,51, ,94, ,50, ,74, ,43, ,3.6, ,87.1, ,54.5, 
75,2/4/2014,35,0.09, ,0, ,347, ,9.3, ,62.5, ,45.8, ,53.7, ,80, ,50, ,66, ,42.7, ,4.7, ,112.6, ,54.4, 
75,2/5/2014,36,0.09, ,0, ,342, ,9.2, ,63, ,44.1, ,52.8, ,87, ,43, ,68, ,42.4, ,3.5, ,83.9, ,54.6, 
75,2/6/2014,37,0.03, ,0.08, ,136, ,11.2, ,62, ,49.2, ,53.9, ,97, ,61, ,79, ,47.5, ,4.3, ,103, ,54.7, 
75,2/7/2014,38,0.07, ,0.03, ,269, ,12.5, ,63.4, ,52.2, ,56, ,99, ,59, ,82, ,50.5, ,3.2, ,75.9, ,55.3, 
75,2/8/2014,39,0.09, ,0, ,341, ,11.7, ,66.1, ,47.1, ,56.2, ,93, ,51, ,76, ,48.8, ,3, ,72.2, ,55.9, 
75,2/9/2014,40,0.06, ,0, ,219, ,12.6, ,64.8, ,51.4, ,57.6, ,89, ,65, ,78, ,50.6, ,2.9, ,69.3, ,56.4, 
75,2/10/2014,41,0.07, ,0, ,284, ,12.7, ,68.2, ,49, ,56.5, ,95, ,61, ,82, ,50.9, ,3.1, ,74.3, ,56.8, 
75,2/11/2014,42,0.08, ,0, ,320, ,12.4, ,72.4, ,44.7, ,55.7, ,100, ,47, ,82, ,50.2, ,2.4, ,58.7, ,56.8, 
75,2/12/2014,43,0.12, ,0, ,379, ,9.8, ,78.2, ,47.8, ,61.4, ,77, ,31, ,53, ,44, ,2.9, ,70.8, ,56.7, 
75,2/13/2014,44,0.13, ,0, ,383, ,8.7, ,80,Y,49.3, ,62.1, ,72, ,23, ,46, ,40.8, ,3, ,71.4, ,56.8, 
75,2/14/2014,45,0.12, ,0, ,395, ,9.6, ,80.5,Y,46, ,61.3, ,77, ,27, ,52, ,43.6, ,2.9, ,70.6, ,56.7, 
75,2/15/2014,46,0.11, ,0, ,339, ,9.3, ,79.7,Y,47.2, ,61.3, ,73, ,29, ,50, ,42.8, ,2.6, ,61.8, ,56.7, 
75,2/16/2014,47,0.11, ,0, ,361, ,10.9, ,74.2, ,48.8, ,58.9, ,86, ,40, ,64, ,46.8, ,2.9, ,69.2, ,56.9, 
75,2/17/2014,48,0.11, ,0, ,402, ,12, ,70.9, ,47.8, ,56.9, ,92, ,57, ,76, ,49.4, ,3.8, ,90.1, ,56.9, 
75,2/18/2014,49,0.09, ,0, ,320, ,11.8, ,67.2, ,51.5, ,56.8, ,88, ,55, ,75, ,48.9, ,3.3, ,78.8, ,57.4, 
75,2/19/2014,50,0.06, ,0, ,256, ,12.2, ,66.5, ,47.2, ,54.8, ,97, ,58, ,83, ,49.7, ,3.1, ,73.6, ,57.5, 
75,2/20/2014,51,0.13, ,0, ,392, ,9.9, ,78.9, ,44.3, ,60, ,97, ,23, ,56, ,44.2, ,3, ,71.6, ,57.4, 
75,2/21/2014,52,0.14, ,0, ,401, ,8.2, ,76.7, ,48.3, ,61.3, ,73, ,28, ,44, ,39.3, ,3, ,72.9, ,57.5, 
75,2/22/2014,53,0.12, ,0, ,337, ,7.9, ,74.1, ,45.8, ,57.6, ,63, ,29, ,49, ,38.5, ,3, ,72.4, ,57.1, 
75,2/23/2014,54,0.13, ,0, ,421, ,8.8, ,71.7, ,42.8, ,56.7, ,83, ,37, ,56, ,41.1, ,3.1, ,74.8, ,56.8, 
75,2/24/2014,55,0.12, ,0, ,424, ,11.3, ,72.6, ,44.7, ,57.8, ,94, ,40, ,69, ,47.7, ,3.6, ,87.1, ,56.7, 
75,2/25/2014,56,0.11, ,0, ,396, ,12.1, ,69.7, ,49.5, ,58.4, ,89, ,50, ,72, ,49.5, ,3.6, ,85.3, ,57.4, 
75,2/26/2014,57,0.05, ,0, ,196, ,11.9, ,65.7, ,50.7, ,58.9, ,85, ,51, ,70, ,49.2, ,3.9, ,93.8, ,58, 
75,2/27/2014,58,0.1, ,0.08, ,337, ,14.2, ,70.7, ,55.5, ,60.9, ,95, ,52, ,78, ,53.9, ,5.6, ,133.2, ,58.5, 
75,2/28/2014,59,0.02, ,1.23,R,105, ,15.1, ,62.8, ,53.7, ,57.8, ,98, ,84, ,92, ,55.6, ,6.9, ,165.3, ,59.2, 
75,3/1/2014,60,0.06, ,0.29,R,236, ,13, ,63, ,50.1, ,56.4, ,92, ,70, ,84, ,51.6, ,5.3, ,126.3, ,59.1, 
75,3/2/2014,61,0.03, ,0.04, ,165, ,12.9, ,62.2, ,49.6, ,54.9, ,97, ,67, ,88, ,51.3, ,2.5, ,60.4, ,58.7, 
75,3/3/2014,62,0.11, ,0.01, ,396, ,13, ,68.9, ,48.5, ,56.9, ,97, ,58, ,82, ,51.6, ,2.9, ,70.5, ,58.6, 
75,3/4/2014,63,0.07, ,0, ,292, ,13.2, ,67.2, ,48.5, ,56.8, ,96, ,63, ,84, ,51.9, ,3.1, ,73.3, ,58.7, 
75,3/5/2014,64,0.11, ,0, ,395, ,14.4, ,71.1, ,48.5, ,58.1, ,100, ,61, ,87, ,54.3, ,2.7, ,65.9, ,58.9, 
75,3/6/2014,65,0.12, ,0, ,427, ,15.2, ,70.1, ,53.9, ,61.3, ,98, ,64, ,82, ,55.8, ,4, ,95, ,59.6, 
75,3/7/2014,66,0.1, ,0, ,362, ,14, ,69.9, ,54.1, ,61.7, ,97, ,53, ,75, ,53.6, ,3.2, ,77.6, ,60.4, 
75,3/8/2014,67,0.2,R,0, ,492,R,6.4, ,85.8,Y,53.3, ,70.6, ,76, ,11, ,25, ,33.2, ,4.7, ,112.3, ,60.1, 
75,3/9/2014,68,0.2, ,0, ,500,R,5.2, ,84,Y,56.4, ,70.8, ,35, ,11, ,20, ,27.8, ,4.1, ,99.6, ,59.8, 
75,3/10/2014,69,0.18, ,0, ,497,R,7.6, ,78.4, ,51.7, ,64.5, ,64, ,20, ,37, ,37.5, ,3.8, ,91.2, ,60, 
75,3/11/2014,70,0.11, ,0, ,349, ,10.6, ,74, ,47.9, ,60.5, ,95, ,33, ,59, ,46, ,3.1, ,74.2, ,60.3, 
75,3/12/2014,71,0.18, ,0, ,490, ,11.2, ,79.8, ,50.9, ,61.9, ,98, ,14, ,59, ,47.4, ,5.2, ,125, ,60.3, 
75,3/13/2014,72,0.12, ,0, ,427, ,12.2, ,68.6, ,51.6, ,58.7, ,87, ,53, ,72, ,49.7, ,3.5, ,84.9, ,60.7, 
75,3/14/2014,73,0.15, ,0, ,501, ,12.5, ,72.9, ,48.2, ,59, ,93, ,48, ,74, ,50.5, ,3.2, ,76.2, ,61, 
75,3/15/2014,74,0.16, ,0, ,507, ,12.3, ,87.9,Y,47.4, ,63.2, ,92, ,17, ,62, ,50, ,3.4, ,81.1, ,61.3, 
75,3/16/2014,75,0.2, ,0, ,525,R,7, ,88.5,Y,52.2, ,69.2, ,54, ,10, ,29, ,35.5, ,3.6, ,85.5, ,61.6, 
75,3/17/2014,76,0.17, ,0, ,510, ,10.8, ,74.9, ,51.3, ,62.6, ,88, ,35, ,56, ,46.5, ,4.3, ,104, ,61.5, 
75,3/18/2014,77,0.15, ,0, ,493, ,12.8, ,72.9, ,51.2, ,60.1, ,91, ,49, ,72, ,51.1, ,3.5, ,82.9, ,61.8, 
75,3/19/2014,78,0.16, ,0, ,524, ,11.9, ,74.7, ,47.8, ,60.1, ,92, ,35, ,67, ,49.1, ,3.4, ,81.2, ,62, 
75,3/20/2014,79,0.13, ,0, ,450, ,12.8, ,74.7, ,49.7, ,58.5, ,99, ,37, ,76, ,51, ,3.3, ,79.7, ,62.2, 
75,3/21/2014,80,0.13, ,0, ,446, ,11.9, ,66.9, ,50.5, ,58.5, ,91, ,54, ,71, ,49.2, ,3.8, ,91.9, ,62.3, 
75,3/22/2014,81,0.11, ,0, ,374, ,11.9, ,68.3, ,50.6, ,59.2, ,87, ,55, ,70, ,49.2, ,3.6, ,87, ,62.6, 
75,3/23/2014,82,0.13, ,0, ,444, ,12.7, ,69.3, ,48.7, ,58.3, ,91, ,57, ,76, ,50.8, ,3.5, ,83.4, ,62.6, 
75,3/24/2014,83,0.06, ,0, ,260, ,13.9, ,66.2, ,56.9, ,59.4, ,88, ,68, ,81, ,53.4, ,3.2, ,77.4, ,62.9, 
75,3/25/2014,84,0.03, ,0, ,139, ,13.9, ,63.9, ,55.7, ,58.4, ,96, ,72, ,83, ,53.4, ,3, ,71.6, ,63.1, 
75,3/26/2014,85,0.12, ,0, ,376, ,12.5, ,65.1, ,54.4, ,58.4, ,88, ,57, ,75, ,50.4, ,5.9,Y,141,Y,62.9, 
75,3/27/2014,86,0.14, ,0, ,466, ,10.9, ,65.6, ,50.8, ,57.1, ,90, ,47, ,69, ,46.9, ,4.1, ,97.9, ,62.7, 
75,3/28/2014,87,0.16, ,0, ,514, ,11.3, ,69.7, ,49.9, ,58.9, ,85, ,44, ,66, ,47.8, ,4, ,94.9, ,62.7, 
75,3/29/2014,88,0.15, ,0, ,467, ,12.2, ,75.6, ,48.2, ,60.4, ,90, ,43, ,68, ,49.7, ,3.3, ,79.5, ,62.7, 
75,3/30/2014,89,0.17, ,0, ,545, ,10.9, ,70.4, ,49.3, ,59.8, ,91, ,36, ,62, ,46.9, ,4.2, ,100.9, ,63.2, 
75,3/31/2014,90,0.17, ,0, ,561, ,10.3, ,68, ,45.9, ,56.3, ,82, ,50, ,66, ,45.2, ,4.3, ,104.3, ,62.9, 
75,4/1/2014,91,0.16, ,0.1, ,537, ,10.1, ,63, ,51.2, ,56.2, ,95, ,41, ,65, ,44.8, ,5.5,Y,132.6,Y,62.8, 
75,4/2/2014,92,0.14, ,0.1, ,481, ,9.8, ,61.8, ,46.1, ,53, ,95, ,48, ,71, ,44, ,4.7, ,113.6, ,62.3, 
75,4/3/2014,93,0.17, ,0, ,574, ,9.6, ,66.7, ,41.9, ,54.8, ,88, ,43, ,66, ,43.5, ,3.6, ,86.2, ,61.6, 
75,4/4/2014,94,0.13, ,0, ,458, ,10.2, ,64, ,47.2, ,54.6, ,89, ,47, ,70, ,45.1, ,3.8, ,92.1, ,61.8, 
75,4/5/2014,95,0.16, ,0, ,542, ,10, ,66.4, ,48.3, ,57.1, ,86, ,44, ,63, ,44.6, ,3.8, ,90.9, ,62, 
75,4/6/2014,96,0.21, ,0, ,586, ,7.9, ,82.7, ,46.6, ,63.8, ,76, ,14, ,39, ,38.6, ,4.2, ,100.7, ,62.1, 
75,4/7/2014,97,0.22, ,0, ,591, ,8.2, ,83.5, ,50.6, ,68.4, ,55, ,24, ,34, ,39.3, ,3.5, ,83, ,62.4, 
75,4/8/2014,98,0.23, ,0, ,602, ,7.7, ,91.1,Y,53.4, ,70.6, ,51, ,16, ,30, ,37.9, ,3.2, ,76.7, ,63.1, 
75,4/9/2014,99,0.21, ,0, ,560, ,8, ,86.9,Y,50, ,67.5, ,55, ,19, ,35, ,38.9, ,2.9, ,69.5, ,63.4, 
75,4/10/2014,100,0.17, ,0, ,496, ,8.8, ,79.7, ,44.8, ,62.7, ,73, ,25, ,45, ,41.1, ,2.8, ,66.1, ,63.1, 
75,4/11/2014,101,0.2, ,0, ,598, ,11.4, ,78.8, ,51.2, ,63.7, ,90, ,26, ,57, ,48.1, ,3.8, ,90.9, ,63.5, 
75,4/12/2014,102,0.15, ,0, ,494, ,11.7, ,68, ,55.9, ,59.7, ,79, ,54, ,67, ,48.6, ,4.5, ,109, ,64.3, 
75,4/13/2014,103,0.15, ,0, ,492, ,11.8, ,66.9, ,52.6, ,58.8, ,89, ,54, ,70, ,48.9, ,3.8, ,92.1, ,63.7, 
75,4/14/2014,104,0.2, ,0, ,589, ,11.2, ,81.1, ,48.2, ,64.2, ,91, ,21, ,55, ,47.6, ,3.5, ,84.8, ,63.9, 
75,4/15/2014,105,0.18, ,0, ,587, ,13.1, ,76.7, ,49.6, ,61.6, ,96, ,35, ,70, ,51.6, ,3.6, ,85.6, ,64.4, 
75,4/16/2014,106,0.17, ,0, ,568, ,13.3, ,71.6, ,54.2, ,61.4, ,89, ,49, ,71, ,52.1, ,4, ,94.8, ,64.6, 
75,4/17/2014,107,0.12, ,0, ,409, ,13.8, ,71.1, ,55.8, ,60.8, ,88, ,59, ,76, ,53.2, ,4.6, ,111.1, ,65, 
75,4/18/2014,108,0.11, ,0, ,362, ,13.7, ,73, ,55.7, ,62, ,93, ,55, ,72, ,53, ,3.5, ,83.9, ,65, 
75,4/19/2014,109,0.18, ,0, ,570, ,13.5, ,71.7, ,50.7, ,61.6, ,92, ,54, ,72, ,52.6, ,3.8, ,92, ,65, 
75,4/20/2014,110,0.19, ,0, ,599, ,14.3, ,76.5, ,51.5, ,63.2, ,97, ,46, ,72, ,54.1, ,3.6, ,86.3, ,65.1, 
75,4/21/2014,111,0.19, ,0, ,565, ,15.1, ,79.2, ,54.6, ,64.3, ,99, ,45, ,74, ,55.7, ,3.8, ,91.3, ,65.3, 
75,4/22/2014,112,0.15, ,0, ,480, ,13.1, ,71, ,54.1, ,61.3, ,84, ,55, ,71, ,51.8, ,4.4, ,104.6, ,66, 
75,4/23/2014,113,0.18, ,0, ,565, ,11.5, ,71.2, ,49.7, ,60, ,97, ,42, ,65, ,48.3, ,3.6, ,87.1, ,65.4, 
75,4/24/2014,114,0.21, ,0, ,616, ,11.3, ,77.3, ,50.1, ,62.6, ,80, ,33, ,58, ,47.9, ,3.8, ,91.1, ,65.2, 
75,4/25/2014,115,0.16, ,0.3, ,509, ,13.3, ,70, ,51.7, ,60.3, ,95, ,56, ,74, ,52.1, ,6.4,R,152.5,R,64.9, 
75,4/26/2014,116,0.18, ,0.02, ,586, ,10.2, ,65, ,51.9, ,57.3, ,91, ,43, ,63, ,45, ,5.7,Y,137.2,Y,64.6, 
75,4/27/2014,117,0.18, ,0, ,596, ,11.2, ,68.5, ,51.8, ,59.5, ,89, ,44, ,64, ,47.4, ,4.3, ,102.3, ,64.1, 
75,4/28/2014,118,0.21, ,0, ,627, ,12.3, ,78.7, ,50.7, ,63.9, ,89, ,37, ,61, ,50.1, ,3.8, ,91.2, ,64.1, 
75,4/29/2014,119,0.29,R,0, ,660, ,5.4,Y,93,Y,53.1, ,77.1,H,82,H,7,H,17,Y,29,Y,5.9,Y,140.8,Y,64.7, 
75,4/30/2014,120,0.34,R,0, ,672, ,3.1,Y,89.7,Y,59.8, ,79.1,H,21,H,5,H,9,Y,15.6,Y,8.8,R,210.5,R,64.2, 
75,5/1/2014,121,0.27,R,0, ,644, ,4.2,R,95.5,R,58.6, ,77.3,H,30,H,5,H,--,R,--,I,5, ,119.2, ,63.8, 
75,5/2/2014,122,0.27,R,0, ,661, ,6.6,Y,94,R,49.5, ,74.6, ,60, ,7, ,22,Y,33.8,Y,3.5, ,83.2, ,63.7, 
75,5/3/2014,123,0.26,R,0, ,662, ,9, ,92.1,Y,54.8, ,72, ,60, ,15, ,33, ,41.7, ,3.3, ,78.7, ,64.4, 
75,5/4/2014,124,0.23, ,0, ,654, ,11.8, ,84.6, ,50, ,66.9, ,89, ,19, ,52, ,48.9, ,4.1, ,97.5, ,64.5, 
75,5/5/2014,125,0.18, ,0, ,564, ,13.6, ,71, ,55.2, ,62.1, ,89, ,56, ,71, ,52.7, ,5.4,Y,129.1,Y,64.6, 
75,5/6/2014,126,0.16, ,0, ,505, ,11.3, ,66.4, ,54.3, ,59, ,78, ,46, ,66, ,47.8, ,6.1,R,145.2,R,65, 
75,5/7/2014,127,0.17, ,0, ,545, ,12.5, ,68.5, ,54.2, ,60.4, ,89, ,55, ,70, ,50.4, ,5.5,Y,132.7,Y,64.5, 
75,5/8/2014,128,0.19, ,0, ,601, ,11.8, ,70, ,53, ,61.1, ,82, ,49, ,64, ,48.9, ,4.4, ,104.6, ,64.8, 
75,5/9/2014,129,0.2, ,0, ,628, ,13.2, ,72.4, ,50.7, ,61.8, ,91, ,52, ,70, ,51.9, ,3.8, ,91.1, ,64.8, 
75,5/10/2014,130,0.2, ,0, ,621, ,13.6, ,72.1, ,55.1, ,63.4, ,86, ,51, ,68, ,52.8, ,4.6, ,111.5, ,65.4, 
75,5/11/2014,131,0.27, ,0, ,679, ,7.6,Y,82.9, ,51, ,65.6, ,88, ,6, ,35,Y,37.4,Y,5.4,Y,128.7,Y,65.2, 
75,5/12/2014,132,0.28,R,0, ,683, ,4.7,R,90.6,Y,53, ,75,H,40,H,9,H,--,R,--,I,5, ,118.9, ,64.4, 
75,5/13/2014,133,0.26,R,0, ,675, ,3.7,R,95.5,R,59.1, ,82.3,H,27,H,5,H,--,R,--,I,6.5,R,156.2,R,64.9, 
75,5/14/2014,134,0.19,H,0, ,684, ,3.9,R,100.5,S,64.3,Y,84.6,H,24,H,5,H,--,R,--,I,5.9,Y,142.2,Y,65.2, 
75,5/15/2014,135,0.19,H,0, ,687, ,4.8,R,98.9,S,62.6, ,82.9,H,28,H,6,H,--,R,--,I,4.1, ,98.7, ,65.8, 
75,5/16/2014,136,0.26,R,0, ,661, ,7.5,Y,96.5,R,54.3, ,77.9,H,55,H,9,H,23,Y,37.3,Y,3.4, ,81.1, ,66.4, 
75,5/17/2014,137,0.23, ,0, ,644, ,14.4, ,83.3, ,55.3, ,69.3, ,85, ,34, ,59, ,54.3, ,4.1, ,99.1, ,67.3, 
75,5/18/2014,138,0.21,H,0, ,267, ,15.6,H,75.3, ,32,S,66.3,H,83,H,0,H,71, ,56.5, ,5.5,Y,131.7,Y,68.5,H
75,5/19/2014,139,0.21, ,0, ,659, ,14.1, ,72.6, ,55.1, ,64.5, ,90, ,55, ,68, ,53.7, ,4.3, ,102.5, ,68.4, 
75,5/20/2014,140,0.19, ,0, ,599, ,12.5, ,69.6, ,55.8, ,62, ,85, ,51, ,66, ,50.5, ,5.1, ,123.5, ,68.6, 
75,5/21/2014,141,0.19, ,0, ,580, ,12.8, ,71.6, ,53.5, ,62.5, ,83, ,49, ,66, ,51.1, ,4.5, ,107.6, ,67.7, 
75,5/22/2014,142,0.04, ,0, ,168, ,13.8, ,66.3, ,60.3, ,62.6, ,78, ,65, ,71, ,53.1, ,3.7, ,87.7, ,67.7, 
75,5/23/2014,143,0.16, ,0, ,504, ,14.6, ,72.2, ,59, ,64.3, ,83, ,59, ,71, ,54.7, ,4.1, ,99.5, ,67.4, 
75,5/24/2014,144,0.03, ,0, ,155, ,15.6, ,66.5, ,59.8, ,62.8, ,92, ,70, ,80, ,56.5, ,3.1, ,75.2, ,67.8, 
75,5/25/2014,145,0.19, ,0, ,569, ,16.6, ,77.8, ,60, ,66.5, ,91, ,56, ,75, ,58.2, ,3.6, ,86.1, ,67.9, 
75,5/26/2014,146,0.22, ,0, ,662, ,17.6, ,80.2, ,61, ,69.1, ,91, ,55, ,72, ,59.9, ,3.8, ,90.8, ,69.2, 
75,5/27/2014,147,0.22, ,0, ,658, ,17.8, ,80.7, ,63.2, ,69.6, ,87, ,53, ,72, ,60.2, ,4, ,95, ,70.4, 
75,5/28/2014,148,0.21, ,0, ,636, ,17, ,79, ,60.6, ,67.7, ,93, ,54, ,73, ,58.9, ,3.7, ,89.2, ,71, 
75,5/29/2014,149,0.21, ,0, ,614, ,15.9, ,78.4, ,58.3, ,66.9, ,87, ,54, ,71, ,57.1, ,4.1, ,97.6, ,71.3, 
75,5/30/2014,150,0.23, ,0, ,690, ,15.2, ,81.4, ,54.5, ,67, ,96, ,44, ,68, ,55.9, ,3.4, ,81.4, ,70.8, 
75,5/31/2014,151,0.23, ,0, ,693, ,14.9, ,81.4, ,53.7, ,67, ,90, ,41, ,66, ,55.2, ,3.1, ,73.4, ,70.6, 
75,6/1/2014,152,0.23, ,0, ,685, ,15.3, ,80.9, ,54.7, ,66.7, ,98, ,41, ,68, ,55.9, ,3.5, ,84.3, ,70.3, 
75,6/2/2014,153,0.21, ,0, ,646, ,15.1, ,76.7, ,53.7, ,65.1, ,96, ,50, ,71, ,55.6, ,3.6, ,86.4, ,70.1, 
75,6/3/2014,154,0.25, ,0, ,708, ,14.2, ,83.2, ,54.6, ,68.2, ,91, ,33, ,60, ,53.9, ,3.8, ,92.2, ,70.4, 
75,6/4/2014,155,0.23, ,0, ,691, ,14.2, ,80.4, ,52.3, ,66.2, ,96, ,40, ,65, ,53.9, ,3.4, ,81.6, ,70, 
75,6/5/2014,156,0.23, ,0, ,690, ,15.5, ,79, ,55.3, ,67, ,91, ,49, ,69, ,56.4, ,3.6, ,86.4, ,70.2, 
75,6/6/2014,157,0.22, ,0, ,648, ,15.9, ,75.8, ,56.2, ,65.4, ,94, ,57, ,74, ,57.1, ,4.4, ,105.9, ,70.4, 
75,6/7/2014,158,0.2, ,0, ,593, ,15.6, ,75.1, ,61.1, ,66.2, ,82, ,56, ,71, ,56.5, ,3.8, ,92.2, ,70.7, 
75,6/8/2014,159,0.22, ,0, ,659, ,16.8, ,78.2, ,59.4, ,67.9, ,92, ,56, ,72, ,58.6, ,3.6, ,86.2, ,71, 
75,6/9/2014,160,0.19, ,0,H,573,H,17.8,H,80.1, ,61.1, ,67,H,94,H,57,H,79, ,60.2, ,3.6,H,87.4,H,71.3,H
75,6/10/2014,161,0.16, ,0, ,496, ,16.6, ,73, ,62.4, ,66, ,87, ,63, ,76, ,58.3, ,4.3, ,102.9, ,71.9, 
75,6/11/2014,162,0.22, ,0, ,666, ,15.5, ,77.5, ,58.7, ,67.1, ,89, ,51, ,68, ,56.4, ,4, ,95.4, ,72, 
75,6/12/2014,163,0.23, ,0, ,680, ,15.8, ,77.4, ,60.1, ,67.5, ,84, ,51, ,69, ,56.8, ,4.2, ,99.9, ,72.2, 
75,6/13/2014,164,0.23, ,0, ,693, ,15.5, ,76.1, ,59.9, ,66.7, ,86, ,52, ,69, ,56.4, ,4.1, ,98.6, ,72.3, 
75,6/14/2014,165,0.23, ,0, ,689, ,15.2, ,79, ,59.9, ,67.5, ,85, ,49, ,66, ,55.7, ,4.3, ,102.2, ,72.5, 
75,6/15/2014,166,0.22, ,0, ,674, ,15.5, ,77.4, ,59.6, ,67.6, ,88, ,45, ,67, ,56.3, ,4.5, ,108.9, ,72.4, 
75,6/16/2014,167,0.23, ,0, ,673, ,15, ,76, ,58, ,66.5, ,86, ,53, ,67, ,55.3, ,4.6, ,111.6, ,72.4, 
75,6/17/2014,168,0.23, ,0, ,670, ,14.4, ,76.4, ,56.8, ,66.3, ,87, ,42, ,65, ,54.3, ,4.8, ,115.5, ,72.3, 
75,6/18/2014,169,0.23, ,0, ,678, ,13.7, ,76.7, ,55.3, ,65.2, ,91, ,41, ,65, ,53, ,3.9, ,94.5, ,71.9, 
75,6/19/2014,170,0.23, ,0, ,673, ,14.8, ,81, ,53.4, ,66.8, ,88, ,42, ,66, ,55.1, ,3.4, ,81.9, ,71.7, 
75,6/20/2014,171,0.23, ,0, ,657, ,16.3, ,82.7, ,56.9, ,69.2, ,97, ,42, ,67, ,57.7, ,3.2, ,77.4, ,71.5, 
75,6/21/2014,172,0.23, ,0, ,647, ,17, ,85.1, ,58, ,69.3, ,96, ,43, ,70, ,58.9, ,3.7, ,89.3, ,72, 
75,6/22/2014,173,0.23, ,0, ,670, ,16.1, ,78.4, ,60.1, ,67.6, ,87, ,52, ,70, ,57.5, ,4, ,95.9, ,72.4, 
75,6/23/2014,174,0.21, ,0, ,625, ,16.3, ,77.2, ,60.3, ,67.2, ,89, ,56, ,72, ,57.7, ,4.1, ,98.8, ,72.2, 
75,6/24/2014,175,0.2, ,0, ,614, ,17.1, ,79.1, ,59.9, ,67.9, ,86, ,55, ,73, ,59, ,3.7, ,89.4, ,72.6, 
75,6/25/2014,176,0.21, ,0, ,620, ,17.5, ,78.4, ,62.7, ,68.7, ,88, ,56, ,73, ,59.7, ,4.1, ,98.3, ,72.8, 
75,6/26/2014,177,0.18, ,0, ,537, ,17.9, ,79.6, ,62.7, ,68.8, ,86, ,59, ,74, ,60.3, ,4.3, ,103.5, ,73.1, 
75,6/27/2014,178,0.18, ,0, ,538, ,17.7, ,79.3, ,59.5, ,68.7, ,95, ,58, ,74, ,60.1, ,4.1, ,98.1, ,72.9, 
75,6/28/2014,179,0.2, ,0, ,580, ,18.1, ,80.2, ,63.4, ,69.1, ,87, ,57, ,74, ,60.6, ,3.9, ,94.4, ,73.2, 
75,6/29/2014,180,0.22, ,0, ,643, ,18.6, ,81.3, ,62.1, ,69.8, ,96, ,57, ,75, ,61.5, ,4, ,96.2, ,73.6, 
75,6/30/2014,181,0.19, ,0, ,586, ,18.5, ,79, ,62.9, ,69.1, ,92, ,61, ,76, ,61.3, ,3.7, ,88.9, ,73.8, 
75,7/1/2014,182,0.2, ,0, ,592, ,19.2, ,79.9, ,64, ,69.8, ,88, ,61, ,77, ,62.3, ,4, ,96.9, ,74.1, 
75,7/2/2014,183,0.2, ,0, ,593, ,19.3, ,79.9, ,61.3, ,69.9, ,97, ,60, ,78, ,62.5, ,3.7, ,88.2, ,74.4, 
75,7/3/2014,184,0.23, ,0, ,657, ,18.9, ,85.6, ,61.2, ,72, ,94, ,48, ,71, ,61.9, ,3.8, ,92.3, ,74.5, 
75,7/4/2014,185,0.24, ,0, ,638, ,18.2, ,90.4, ,61.2, ,73.8, ,98, ,26, ,64, ,60.9, ,3.3, ,78, ,74.4, 
75,7/5/2014,186,0.25, ,0, ,644, ,16.6, ,89.3, ,65.1, ,76.4,Y,88, ,32, ,54,Y,58.3,Y,3.5, ,83.1, ,74.7, 
75,7/6/2014,187,0.25, ,0, ,653, ,15.3, ,87.9, ,59.5, ,75.2, ,91, ,23, ,51, ,55.9, ,3.3, ,80.1, ,74.5, 
75,7/7/2014,188,0.25, ,0, ,661, ,16.5, ,89.7, ,60.4, ,74.1, ,85, ,32, ,57, ,58, ,3.7, ,88, ,74.1, 
75,7/8/2014,189,0.22, ,0, ,629, ,19.3, ,82.6, ,62.9, ,71.9, ,90, ,54, ,72, ,62.5, ,3.7, ,89.4, ,74.5, 
75,7/9/2014,190,0.23, ,0, ,650, ,19.3, ,83, ,65.4, ,72.2, ,91, ,54, ,71, ,62.4, ,4, ,97, ,74.8, 
75,7/10/2014,191,0.23, ,0, ,652, ,18.7, ,81.9, ,63.2, ,72.2, ,87, ,54, ,69, ,61.5, ,3.9, ,92.4, ,75.1, 
75,7/11/2014,192,0.22, ,0, ,627, ,18.3, ,81.4, ,62.8, ,71.1, ,96, ,51, ,70, ,61, ,3.9, ,92.6, ,74.9, 
75,7/12/2014,193,0.2, ,0, ,577, ,18.2, ,82, ,59.8, ,70.4, ,92, ,44, ,72, ,60.7, ,3.4, ,81.9, ,74.7, 
75,7/13/2014,194,0.21, ,0, ,606, ,19.5, ,83.2, ,62.2, ,72.1, ,96, ,54, ,73, ,62.8, ,4, ,96, ,74.5, 
75,7/14/2014,195,0.1, ,0, ,345, ,20.4, ,81.2, ,66.2, ,71, ,92, ,65, ,79, ,64, ,3.5, ,84.8, ,74.4, 
75,7/15/2014,196,0.15, ,0, ,451, ,19.8, ,77.5, ,66.8, ,70.3, ,88, ,67, ,78, ,63.2, ,3.7, ,89.4, ,74.6, 
75,7/16/2014,197,0.2, ,0, ,571, ,18.1, ,80.3, ,61, ,70.5, ,86, ,53, ,71, ,60.6, ,3.7, ,89.9, ,74.8, 
75,7/17/2014,198,0.21, ,0, ,592, ,16.6, ,78.5, ,61.2, ,69.7, ,83, ,53, ,67, ,58.2, ,3.9, ,92.4, ,74.7, 
75,7/18/2014,199,0.21, ,0, ,600, ,16.7, ,79, ,59.1, ,68.5, ,89, ,54, ,70, ,58.3, ,3.8, ,91.1, ,74.2, 
75,7/19/2014,200,0.1, ,0, ,331, ,17.9, ,76.4, ,61.5, ,68.1, ,86, ,65, ,77, ,60.4, ,3, ,73, ,73.9, 
75,7/20/2014,201,0.19, ,0, ,553, ,18.1, ,80.1, ,62.1, ,70.8, ,83, ,56, ,70, ,60.7, ,3.6, ,85.8, ,73.9, 
75,7/21/2014,202,0.21, ,0.01,R,593, ,17.8, ,81.2, ,60.1, ,70, ,89, ,53, ,71, ,60.2, ,3.7, ,89.6, ,73.8, 
75,7/22/2014,203,0.23, ,0, ,648, ,17.8, ,85.3, ,59.3, ,72.3, ,92, ,46, ,66, ,60.3, ,3.7, ,89.8, ,73.8, 
75,7/23/2014,204,0.25, ,0, ,658, ,16.2, ,88, ,60, ,74.5, ,79, ,33, ,55, ,57.5, ,3.5, ,83.3, ,74, 
75,7/24/2014,205,0.25, ,0, ,649, ,17.7, ,91, ,59.8, ,77, ,80, ,38, ,56, ,60.1, ,3.6, ,85.7, ,74.1, 
75,7/25/2014,206,0.22, ,0, ,583, ,20.3, ,88.4, ,66.9, ,75.3, ,91, ,44, ,68, ,63.9, ,4.1, ,99.1, ,74.6, 
75,7/26/2014,207,0.22, ,0, ,615, ,20.8, ,84.2, ,64.7, ,73.8, ,91, ,55, ,73, ,64.6, ,3.6, ,85.6, ,75.1, 
75,7/27/2014,208,0.21, ,0, ,564, ,19.1, ,90.4, ,66.2, ,76.2, ,94, ,33, ,62, ,62.2, ,3.8, ,90.6, ,75.4, 
75,7/28/2014,209,0.23, ,0, ,550, ,16, ,91.5,Y,66.7, ,77.2, ,89, ,20, ,50, ,57.2, ,3.6, ,86.8, ,75.5, 
75,7/29/2014,210,0.21, ,0, ,523, ,15.2, ,86.9, ,64.1, ,75.4, ,82, ,29, ,51, ,55.9, ,3.2, ,76.4, ,75.4, 
75,7/30/2014,211,0.22, ,0, ,601, ,18.9, ,88.3, ,62.3, ,75, ,89, ,43, ,64, ,61.8, ,3.4, ,81.9, ,75.1, 
75,7/31/2014,212,0.23, ,0, ,615, ,19.3, ,86.7, ,63.1, ,74.3, ,89, ,46, ,67, ,62.5, ,3.5, ,84.2, ,75.4, 
75,8/1/2014,213,0.22, ,0, ,616, ,20.6, ,85.9, ,65, ,73.7, ,96, ,55, ,73, ,64.4, ,3.6, ,86.8, ,75.7, 
75,8/2/2014,214,0.09, ,0, ,258, ,21.4, ,86.8, ,66.2, ,74.1, ,91, ,51, ,74, ,65.4, ,3.2, ,77.9, ,75.8, 
75,8/3/2014,215,0.18, ,0, ,495, ,23.6,Y,85.7, ,71.7,Y,76, ,98, ,56, ,77,Y,68.2,Y,4.2, ,100.8, ,75.9, 
75,8/4/2014,216,0.23, ,0, ,626, ,20.8, ,87, ,60, ,74.3, ,97, ,50, ,72, ,64.6, ,3.5, ,83.7, ,76.4, 
75,8/5/2014,217,0.23, ,0, ,646, ,16.5, ,83, ,56.7, ,69.3, ,95, ,41, ,67, ,58.1, ,3.6, ,86.9, ,75.8, 
75,8/6/2014,218,0.21, ,0, ,596, ,16.8, ,77.9, ,59.8, ,68.8, ,88, ,51, ,70, ,58.6, ,3.8, ,91.6, ,75.3, 
75,8/7/2014,219,0.19, ,0, ,542, ,17.4, ,79.1, ,58.7, ,68.7, ,90, ,54, ,73, ,59.6, ,3.7, ,88.5, ,75, 
75,8/8/2014,220,0.19, ,0, ,555, ,18.9, ,80.4, ,65.1, ,71.3, ,88, ,57, ,72, ,61.9, ,3.7, ,89.8, ,74.8, 
75,8/9/2014,221,0.2, ,0, ,577, ,19.9, ,81.3, ,66.8, ,71.9, ,85, ,58, ,74, ,63.3, ,4, ,97, ,75.1, 
75,8/10/2014,222,0.22, ,0, ,603, ,19, ,84.3, ,61, ,72.5, ,91, ,47, ,70, ,62.1, ,3.6, ,86.7, ,75.4, 
75,8/11/2014,223,0.19, ,0, ,521, ,19.7, ,84.1, ,63.4, ,72.4, ,92, ,54, ,72, ,63, ,3.5, ,83.2, ,75.5, 
75,8/12/2014,224,0.2, ,0, ,574, ,19.3, ,83, ,63.4, ,71.5, ,91, ,55, ,73, ,62.5, ,3.6, ,86.8, ,75.5, 
75,8/13/2014,225,0.18, ,0, ,522, ,18.7, ,82.3, ,61.7, ,70, ,90, ,56, ,74, ,61.5, ,3.4, ,82, ,75.4, 
75,8/14/2014,226,0.21, ,0, ,599, ,18.3, ,84.3, ,60.9, ,71.3, ,88, ,51, ,70, ,60.9, ,3.3, ,79.1, ,75.3, 
75,8/15/2014,227,0.23, ,0, ,594, ,16.8, ,91.4, ,60, ,74.5, ,90, ,29, ,58, ,58.6, ,3.3, ,79.3, ,75.1, 
75,8/16/2014,228,0.24, ,0, ,598, ,16.3, ,90.4, ,62.7, ,76, ,86, ,23, ,53, ,57.7, ,3.4, ,81.6, ,75, 
75,8/17/2014,229,0.22, ,0, ,596, ,16.7, ,88.5, ,60.9, ,74.1, ,82, ,29, ,58, ,58.3, ,3.2, ,78, ,74.9, 
75,8/18/2014,230,0.2, ,0.01,R,562, ,19, ,86.7, ,60.4, ,72.4, ,92, ,46, ,70, ,62.1, ,4.1, ,97.5, ,74.9, 
75,8/19/2014,231,0.19, ,0, ,538, ,18, ,80.3, ,65.8, ,71, ,81, ,55, ,69, ,60.5, ,5.3,R,126.2,R,75.1, 
75,8/20/2014,232,0.19, ,0, ,551, ,17.9, ,81.3, ,61.3, ,70.5, ,85, ,53, ,70, ,60.3, ,3.9, ,92.4, ,74.9, 
75,8/21/2014,233,0.19, ,0, ,540, ,18.9, ,81.9, ,63.3, ,71.3, ,88, ,55, ,72, ,61.9, ,3.6, ,86, ,74.8, 
75,8/22/2014,234,0.19, ,0, ,561, ,19.7, ,82.9, ,63.3, ,71.4, ,92, ,55, ,75, ,63, ,3.5, ,83.9, ,74.8, 
75,8/23/2014,235,0.21, ,0, ,593, ,17.5, ,80.8, ,62.1, ,70.8, ,89, ,47, ,68, ,59.7, ,3.5, ,83.5, ,74.9, 
75,8/24/2014,236,0.2, ,0, ,567, ,17.2, ,82.3, ,61.4, ,70.3, ,88, ,46, ,68, ,59.3, ,3.4, ,81.1, ,74.7, 
75,8/25/2014,237,0.18, ,0, ,513, ,17.8, ,81, ,64, ,71.1, ,86, ,48, ,69, ,60.2, ,3.5, ,83.2, ,74.7, 
75,8/26/2014,238,0.2, ,0, ,556, ,17.3, ,85, ,60.9, ,72.4, ,90, ,45, ,64, ,59.5, ,3.3, ,78.2, ,74.6, 
75,8/27/2014,239,0.23, ,0, ,566, ,15.3, ,92, ,58.8, ,76.2, ,93, ,23, ,49, ,55.9, ,3.3, ,78.6, ,74.1, 
75,8/28/2014,240,0.23, ,0, ,556, ,14.7, ,93, ,59.5, ,77.1, ,72, ,28, ,46, ,54.8, ,3.4, ,81.2, ,74.1, 
75,8/29/2014,241,0.2, ,0, ,574, ,17, ,86.1, ,53.7, ,71.5, ,96, ,45, ,65, ,59, ,3.1, ,74.7, ,73.5, 
75,8/30/2014,242,0.2, ,0, ,551, ,18.2, ,88.2, ,59.7, ,72.6, ,97, ,41, ,67, ,60.8, ,3.2, ,78, ,73.7, 
75,8/31/2014,243,0.2, ,0, ,554, ,20.4, ,86.4, ,64.1, ,73.8, ,97, ,46, ,72, ,64.1, ,4.4, ,104.6, ,74, 
75,9/1/2014,244,0.2, ,0, ,562, ,19.2, ,86, ,60.6, ,72.4, ,98, ,45, ,71, ,62.4, ,3.6, ,85.4, ,74.2, 
75,9/2/2014,245,0.19, ,0, ,548, ,19.3, ,84.3, ,63.9, ,72.3, ,88, ,51, ,71, ,62.5, ,4.3, ,104, ,74.6, 
75,9/3/2014,246,0.18, ,0, ,529, ,19.5, ,81.5, ,65.8, ,72.4, ,87, ,54, ,72, ,62.8, ,3.9, ,94.5, ,74.9, 
75,9/4/2014,247,0.17, ,0, ,501, ,18.8, ,81.8, ,61.7, ,71.2, ,89, ,54, ,72, ,61.7, ,3.6, ,87.1, ,75.1, 
75,9/5/2014,248,0.18, ,0, ,522, ,19.2, ,83.5, ,59.6, ,70.7, ,94, ,55, ,75, ,62.4, ,3.5, ,83.6, ,74.5, 
75,9/6/2014,249,0.19, ,0, ,522, ,19.8, ,91.7, ,62.6, ,74.7, ,96, ,43, ,67, ,63.2, ,3.2, ,77.3, ,74.5, 
75,9/7/2014,250,0.18, ,0, ,448, ,17.6, ,94.2, ,63.9, ,77.3, ,96, ,29, ,55, ,59.9, ,3, ,71.9, ,74.6, 
75,9/8/2014,251,0.14, ,0, ,334, ,19.3, ,91.2, ,70.5,Y,77.7, ,96, ,29, ,60, ,62.5, ,3.3, ,79, ,74.9, 
75,9/9/2014,252,0.21, ,0, ,530, ,16.3, ,88.2, ,62.3, ,76, ,86, ,23, ,53, ,57.8, ,3.4, ,82.6, ,75.3, 
75,9/10/2014,253,0.2, ,0, ,529, ,14.5, ,88.7, ,54.6, ,73.2, ,84, ,31, ,52, ,54.5, ,3.2, ,77, ,74.1, 
75,9/11/2014,254,0.2, ,0, ,516, ,16.5, ,90.1, ,60.6, ,76.3, ,90, ,29, ,53, ,58, ,3.2, ,75.9, ,73.8, 
75,9/12/2014,255,0.19, ,0, ,512, ,19.8, ,91.9, ,61.4, ,76.1, ,94, ,42, ,64, ,63.1, ,3.2, ,76.2, ,73.7, 
75,9/13/2014,256,0.19, ,0, ,502, ,19.5, ,92, ,62.2, ,77.4, ,85, ,41, ,61, ,62.7, ,2.9, ,70.4, ,74.1, 
75,9/14/2014,257,0.2,R,0, ,495, ,18.2, ,98.5,Y,66, ,82,Y,72, ,31, ,49,Y,60.8,Y,3, ,71.5, ,74.6, 
75,9/15/2014,258,0.19,R,0, ,448, ,19.2, ,98,Y,67.2,Y,82.5,R,81, ,31, ,--,R,--,I,3.3, ,78.9, ,75, 
75,9/16/2014,259,0.2,R,0, ,470, ,17.8, ,99.7,Y,69.2,Y,--,S,70, ,29, ,--,Q,--,Q,3, ,71.8, ,75.5, 
75,9/17/2014,260,0.19,R,0, ,478, ,18.8, ,95.1,Y,66.1, ,81.2,R,86, ,33, ,--,R,--,I,3.5, ,84, ,75.7, 
75,9/18/2014,261,0.16, ,0, ,483, ,19.8, ,80.6, ,64.1, ,71.7, ,88, ,61, ,75, ,63.3, ,3.9, ,92.6, ,75.4, 
75,9/19/2014,262,0.14, ,0, ,422, ,19, ,79.8, ,63.5, ,71.3, ,87, ,55, ,73, ,62.1, ,3.7, ,88.6, ,75.1, 
75,9/20/2014,263,0.1, ,0, ,309, ,18.4, ,78.8, ,62.1, ,69.7, ,87, ,58, ,74, ,61.1, ,3.5, ,84, ,74.8, 
75,9/21/2014,264,0.16, ,0, ,455, ,17.5, ,80.5, ,61.4, ,70.1, ,86, ,51, ,70, ,59.7, ,3.6, ,86, ,74.6, 
75,9/22/2014,265,0.16, ,0, ,489, ,17.9, ,81.5, ,57.1, ,68.8, ,92, ,56, ,74, ,60.3, ,3.1, ,73.2, ,74.2, 
75,9/23/2014,266,0.17, ,0, ,486, ,17.5, ,86.3, ,56.8, ,70.3, ,92, ,47, ,69, ,59.7, ,3.1, ,74.1, ,73.9, 
75,9/24/2014,267,0.18, ,0, ,471, ,15.4, ,90.7, ,59.2, ,74.3, ,86, ,29, ,53, ,56.2, ,3.1, ,73.7, ,73.7, 
75,9/25/2014,268,0.18, ,0, ,458, ,15.1, ,88.1, ,63.1, ,75.8, ,78, ,23, ,50, ,55.6, ,3.2, ,77.7, ,73.8, 
75,9/26/2014,269,0.16, ,0, ,465, ,17.9, ,84.5, ,61, ,70.5, ,93, ,48, ,70, ,60.3, ,3.6, ,86.9, ,73.4, 
75,9/27/2014,270,0.14, ,0, ,438, ,15.3, ,75.7, ,56.9, ,66.2, ,90, ,54, ,70, ,56, ,4.1, ,98.9, ,72.9, 
75,9/28/2014,271,0.15, ,0, ,444, ,15.4, ,77.9, ,60, ,67.5, ,83, ,47, ,67, ,56.2, ,4.4, ,105, ,72.1, 
75,9/29/2014,272,0.15, ,0, ,451, ,15.5, ,79.5, ,55.6, ,67.1, ,91, ,50, ,68, ,56.4, ,3.6, ,86.4, ,71.7, 
75,9/30/2014,273,0.16, ,0, ,459, ,15.8, ,85.2, ,57.4, ,70.1, ,90, ,34, ,63, ,56.8, ,3.4, ,82.6, ,71.6, 
75,10/1/2014,274,0.15, ,0, ,446, ,17.4, ,80.9, ,56.7, ,68.3, ,97, ,53, ,74, ,59.6, ,3.4, ,82.7, ,71.7, 
75,10/2/2014,275,0.21,H,0, ,472, ,8.7, ,96.2, ,57.5, ,77.4,Y,93, ,9, ,27,Y,41,Y,4, ,96.6, ,71.5, 
75,10/3/2014,276,0.21, ,0, ,456, ,6.2,Y,98.6,Y,54.4, ,78,Y,42, ,7, ,19,Y,32.2,Y,3.3, ,79, ,70.2, 
75,10/4/2014,277,0.2, ,0, ,457, ,6.3,Y,95.8,Y,54.6, ,77,Y,40, ,10, ,20,Y,32.6,Y,3.1, ,74.5, ,69.6, 
75,10/5/2014,278,0.19, ,0, ,457, ,8.1, ,91.1, ,52.9, ,73.7, ,58, ,14, ,28, ,38.9, ,3, ,71.6, ,68.8, 
75,10/6/2014,279,0.18, ,0, ,455, ,8.8, ,91.5, ,53.9, ,73.2, ,72, ,16, ,32, ,41.3, ,2.9, ,69.2, ,67.9, 
75,10/7/2014,280,0.16, ,0, ,394, ,10.6, ,93.1, ,58.6, ,74.7, ,82, ,13, ,36, ,46, ,3, ,72.4, ,68.6, 
75,10/8/2014,281,0.15, ,0, ,423, ,15.1, ,85.3, ,56.7, ,70.6, ,88, ,32, ,59, ,55.6, ,3.6, ,86.7, ,69.3, 
75,10/9/2014,282,0.13, ,0, ,414, ,16.9, ,78.4, ,59.9, ,68.8, ,87, ,52, ,70, ,58.8, ,3.7, ,88.4, ,70.1, 
75,10/10/2014,283,0.13, ,0, ,392, ,17.6, ,79.6, ,57, ,67.2, ,93, ,54, ,77, ,59.8, ,3, ,73, ,70.2, 
75,10/11/2014,284,0.12, ,0, ,372, ,18.3, ,82.1, ,60.5, ,68.6, ,90, ,50, ,76, ,61, ,3.2, ,77.6, ,70.5, 
75,10/12/2014,285,0.12, ,0, ,388, ,18.6, ,80.3, ,62, ,68.1, ,97, ,57, ,79, ,61.5, ,3.4, ,82.4, ,70.8, 
75,10/13/2014,286,0.12, ,0, ,380, ,18.6, ,80.6, ,61.1, ,68.1, ,95, ,56, ,79, ,61.4, ,3.1, ,75.5, ,71, 
75,10/14/2014,287,0.11, ,0, ,337, ,17.5, ,76.6, ,58.6, ,67.7, ,90, ,58, ,76, ,59.8, ,3.6, ,86.9, ,71.1, 
75,10/15/2014,288,0.13, ,0, ,397, ,15.2, ,76.9, ,60.3, ,68.1, ,82, ,46, ,65, ,55.8, ,3.4, ,81.7, ,71.1, 
75,10/16/2014,289,0.13, ,0, ,387, ,15.7, ,76.7, ,59.2, ,66.8, ,86, ,50, ,70, ,56.7, ,3.4, ,82.7, ,70.7, 
75,10/17/2014,290,0.11, ,0, ,324, ,16.1, ,76.6, ,56, ,66.1, ,96, ,53, ,74, ,57.5, ,3.3, ,80.1, ,69.8, 
75,10/18/2014,291,0.12, ,0, ,367, ,15.9, ,76, ,59.2, ,66.4, ,93, ,53, ,72, ,57, ,3.2, ,76.5, ,69.7, 
75,10/19/2014,292,0.12, ,0, ,378, ,16.1, ,76.7, ,55, ,66.1, ,94, ,52, ,74, ,57.5, ,3.2, ,77.8, ,68.9, 
75,10/20/2014,293,0.09, ,0, ,299, ,18.2, ,76.6, ,59.6, ,66.8, ,97, ,60, ,81, ,60.9, ,3.2, ,76.7, ,68.8, 
75,10/21/2014,294,0,H,0,H,350,H,16.8,H,78.9, ,57.4, ,65.7,H,93,H,84,H,78, ,58.5, ,3.2,H,75.8,H,69.1,H
75,10/22/2014,295,0.13, ,0,H,375,H,14.5,H,82.5, ,52.8, ,66.5,H,83,H,41,H,65, ,54.5, ,3.1,H,73.7,H,68.8,H
75,10/23/2014,296,0.13, ,0, ,364, ,13.3, ,84.8, ,54, ,68.1, ,73, ,37, ,57, ,52.1, ,2.8, ,67.2, ,68.4, 
75,10/24/2014,297,0.14, ,0, ,376, ,11.9, ,88.4, ,54.4, ,69.8, ,81, ,26, ,48, ,49.1, ,2.6, ,61.3, ,68, 
75,10/25/2014,298,0.11, ,0, ,347, ,15.3, ,80.3, ,57.9, ,67.6, ,86, ,40, ,66, ,56, ,3, ,71.8, ,68, 
75,10/26/2014,299,0.08, ,0, ,271, ,16, ,76.5, ,56.2, ,65.3, ,89, ,53, ,75, ,57.2, ,3.5, ,83.8, ,68.2, 
75,10/27/2014,300,0.11, ,0, ,354, ,14.3, ,74.7, ,52.1, ,63.2, ,88, ,51, ,72, ,54.1, ,3.3, ,79.1, ,67.8, 
75,10/28/2014,301,0.11, ,0, ,348, ,15.2, ,79.6, ,53.2, ,65.1, ,90, ,47, ,72, ,55.8, ,2.9, ,70.1, ,67.6, 
75,10/29/2014,302,0.12, ,0, ,353, ,14.6, ,85.1, ,54.7, ,67.7, ,87, ,34, ,63, ,54.6, ,3.3, ,78.8, ,67.5, 
75,10/30/2014,303,0.09, ,0, ,286, ,14.7, ,80.7, ,53.9, ,65.2, ,91, ,35, ,69, ,54.9, ,3.1, ,74.3, ,67.5, 
75,10/31/2014,304,0.06, ,0, ,178, ,15.4, ,73.5, ,56.9, ,65.3, ,90, ,54, ,72, ,56.1, ,3.7, ,89.3, ,67.6, 
75,11/1/2014,305,0.07, ,0.21,R,258, ,13.3, ,66.1, ,51.8, ,59.5, ,96, ,54, ,77, ,52.2, ,3.8, ,90.6, ,67.6, 
75,11/2/2014,306,0.1, ,0, ,336, ,11.6, ,68, ,49.5, ,58.4, ,90, ,47, ,70, ,48.5, ,3.5, ,83.6, ,66.7, 
75,11/3/2014,307,0.13, ,0, ,352, ,7.7, ,74.9, ,47.7, ,61.9, ,79, ,13, ,41, ,37.6, ,4.1, ,99.3, ,65.8, 
75,11/4/2014,308,0.18, ,0, ,355, ,4.6, ,80.6, ,53.9, ,68.5, ,49, ,11, ,19, ,25.3, ,5.3, ,128.2, ,64.9, 
75,11/5/2014,309,0.17,R,0, ,345, ,4.8, ,89.4,Y,50.7, ,72.8,Y,34, ,8, ,17,Y,26,Y,4, ,96.2, ,64.3, 
75,11/6/2014,310,0.15, ,0, ,348, ,5.9, ,89.4,Y,55.3, ,72.1,Y,35, ,10, ,22,Y,31.3,Y,2.9, ,70.5, ,64.3, 
75,11/7/2014,311,0.14, ,0, ,345, ,6.3, ,88.3, ,49.7, ,69.8, ,63, ,12, ,25, ,32.6, ,2.7, ,65.2, ,63.9, 
75,11/8/2014,312,0.13, ,0, ,341, ,7.5, ,88.1, ,54.1, ,68.9, ,52, ,16, ,31, ,37, ,2.7, ,65.8, ,63.9, 
75,11/9/2014,313,0.09, ,0, ,312, ,15.2, ,77.7, ,53.3, ,62.6, ,100, ,48, ,78, ,55.8, ,3.2, ,75.7, ,64, 
75,11/10/2014,314,0.08, ,0, ,283, ,14.3, ,72.2, ,56.4, ,62.8, ,89, ,53, ,73, ,54, ,3.8, ,90.6, ,64.8, 
75,11/11/2014,315,0.05, ,0, ,149, ,13.2, ,68.8, ,61.6,Y,63.8, ,75, ,56, ,65, ,51.9, ,3.7, ,88, ,65.2, 
75,11/12/2014,316,0.08, ,0, ,265, ,13.6, ,69.7, ,53.8, ,61.8, ,88, ,54, ,72, ,52.8, ,3, ,71.8, ,65.4, 
75,11/13/2014,317,0.08, ,0, ,274, ,13.5, ,69.9, ,53.3, ,61.3, ,87, ,54, ,73, ,52.6, ,2.8, ,67.9, ,65.2, 
75,11/14/2014,318,0.06, ,0, ,234, ,15.6, ,71.6, ,54.2, ,62.2, ,95, ,59, ,81, ,56.5, ,3.3, ,78.5, ,65.2, 
75,11/15/2014,319,0.06, ,0, ,182, ,15.2, ,71.5, ,32,Y,63, ,92, ,61, ,78, ,55.9, ,3.4, ,81, ,65.2, 
75,11/16/2014,320,0.19, ,0, ,318, ,4.5, ,73.9, ,53.3, ,64.9, ,88, ,4, ,21, ,24.4, ,8,R,192.6,R,64.5, 
75,11/17/2014,321,0.13, ,0,H,314,H,2.8,Y,78.5, ,51.7, ,67.8,H,26,H,5,H,12,Y,13.9,Y,3.7,H,88.8,H,62.7,H
75,11/18/2014,322,0.09, ,0, ,251, ,4.4, ,75.3, ,48, ,60.6, ,39, ,13, ,24, ,23.8, ,1.3, ,32.2, ,62, 
75,11/19/2014,323,0.09, ,0, ,293, ,8.7, ,72.1, ,48.6, ,59, ,81, ,33, ,51, ,40.8, ,2.9, ,70.2, ,61.4, 
75,11/20/2014,324,0.06, ,0.06,R,233, ,12.8, ,69.7, ,50, ,60, ,92, ,57, ,72, ,51.1, ,3.2, ,76, ,61.4, 
75,11/21/2014,325,0.08, ,0, ,289, ,12.9, ,70.6, ,52.2, ,60.5, ,96, ,46, ,72, ,51.4, ,2.8, ,67.7, ,62.3, 
75,11/22/2014,326,0.08, ,0, ,293, ,12.5, ,72.2, ,50, ,60.4, ,89, ,43, ,70, ,50.6, ,3.1, ,75.1, ,62.1, 
75,11/23/2014,327,0.14, ,0, ,273, ,5.9, ,79.4, ,49.5, ,64.3, ,90, ,5, ,28, ,31, ,5.1, ,121.7, ,61.9, 
75,11/24/2014,328,0.15, ,0, ,306, ,2.5, ,80.4, ,50, ,67.3, ,21, ,7, ,11, ,11.3, ,4.8, ,114.8, ,60.8, 
75,11/25/2014,329,0.12, ,0, ,308, ,3.4, ,80.7, ,50, ,64.1, ,30, ,7, ,17, ,17.8, ,3.2, ,76.9, ,60.2, 
75,11/26/2014,330,0.11, ,0, ,300, ,5.2, ,82.9, ,48.2, ,63.9, ,47, ,12, ,26, ,28.2, ,2.6, ,63.2, ,59.7, 
75,11/27/2014,331,0.12, ,0, ,306, ,4.9, ,86.4,Y,54.4, ,68.6,Y,29, ,11, ,20,Y,26.5,Y,2.7, ,64.9, ,59.8, 
75,11/28/2014,332,0.11, ,0, ,300, ,5.6, ,81.2, ,46.7, ,63.5, ,44, ,15, ,28, ,30, ,2.5, ,59, ,59.8, 
75,11/29/2014,333,0.09, ,0, ,288, ,8.7, ,74.9, ,45.2, ,59.3, ,83, ,21, ,51, ,41, ,3.9, ,93.4, ,59.4, 
75,11/30/2014,334,0.03, ,0.02,R,113, ,15.1, ,67.6, ,56.6, ,62.5, ,92, ,64, ,79, ,55.7, ,5.6, ,133.6, ,60, 
75,12/1/2014,335,0.04, ,0, ,146, ,13.9, ,70.5, ,51.7, ,60.7, ,96, ,53, ,77, ,53.4, ,2.3, ,55.9, ,60.7, 
75,12/2/2014,336,0.01, ,0.74,R,27, ,13.9, ,64.8, ,56.9,Y,59.9, ,96, ,51, ,79, ,53.4, ,4.2, ,101.2, ,60.9, 
75,12/3/2014,337,0.01, ,0.55,R,86, ,18.9,Y,67.4, ,59.3,Y,63.6, ,99, ,84, ,94,Y,61.8,Y,3.2, ,76.3, ,61.3, 
75,12/4/2014,338,0.06, ,0.04,R,245, ,16.9,Y,70.1, ,55.6, ,62.8, ,99, ,63, ,86,Y,58.7,Y,2.8, ,66.5, ,62.5, 
75,12/5/2014,339,0.04, ,0, ,166, ,14.8, ,68.4, ,52.4, ,59.6, ,96, ,65, ,85, ,55.1, ,2, ,47, ,62.3, 
75,12/6/2014,340,0.07, ,0, ,263, ,15.1, ,71.6, ,52.9, ,60.6, ,98, ,54, ,83, ,55.5, ,2.5, ,59.4, ,62.2, 
75,12/7/2014,341,0.07, ,0.01,R,240, ,13.8, ,73, ,51.7, ,61.6, ,98, ,49, ,74, ,53.2, ,2.7, ,65.9, ,61.8, 
75,12/8/2014,342,0.08, ,0, ,266, ,12.9, ,77.2, ,54.1, ,63.2, ,89, ,42, ,65, ,51.4, ,2.7, ,64.5, ,61.9, 
75,12/9/2014,343,0.08, ,0, ,268, ,12.6, ,75.9, ,50.6, ,61, ,91, ,44, ,69, ,50.7, ,2.7, ,65, ,61.6, 
75,12/10/2014,344,0.06, ,0, ,227, ,13.8, ,70.6, ,49.9, ,59.5, ,98, ,53, ,79, ,53.1, ,2.7, ,64.4, ,61.4, 
75,12/11/2014,345,0.06, ,0, ,186, ,14.6, ,68.1, ,56.2,Y,61.4, ,94, ,64, ,79, ,54.7, ,6, ,143.7, ,61.6, 
75,12/12/2014,346,0.02, ,1.39,R,96, ,13.9, ,62, ,51, ,56.5, ,97, ,73, ,89, ,53.3, ,6, ,144.3, ,61.4, 
75,12/13/2014,347,0.06, ,0.01,R,251, ,10.7, ,63.9, ,48.2, ,54.3, ,94, ,48, ,74, ,46.4, ,2.7, ,65.7, ,60.4, 
75,12/14/2014,348,0.06, ,0, ,252, ,10.1, ,65, ,46.4, ,54.3, ,89, ,44, ,70, ,44.9, ,2.9, ,68.9, ,59.6, 
75,12/15/2014,349,0.04, ,0, ,172, ,10.5, ,64.5, ,46.1, ,54.4, ,86, ,51, ,73, ,45.9, ,2.6, ,63.4, ,59.1, 
75,12/16/2014,350,0.03, ,0.01,R,108, ,12, ,61.5, ,53.8, ,56.8, ,84, ,68, ,76, ,49.3, ,4.4, ,105.5, ,59.2, 
75,12/17/2014,351,0.04, ,0.14,R,170, ,11.9, ,63.6, ,51.1, ,56, ,93, ,62, ,78, ,49.2, ,4.2, ,101.2, ,59.3, 
75,12/18/2014,352,0.06, ,0, ,221, ,10.9, ,63.4, ,48.8, ,55.3, ,89, ,49, ,73, ,46.9, ,3.4, ,82.3, ,59.1, 
75,12/19/2014,353,0.06, ,0, ,230, ,11.4, ,66.3, ,46.1, ,55.1, ,93, ,49, ,77, ,47.9, ,2.6, ,61.3, ,58.7, 
75,12/20/2014,354,0.03, ,0, ,137, ,12.1, ,62.7, ,47, ,55.1, ,92, ,68, ,82, ,49.7, ,2.7, ,64.4, ,58.5, 
75,12/21/2014,355,0.05, ,0, ,228, ,13.2, ,67.2, ,48.4, ,57, ,97, ,61, ,83, ,52, ,2.5, ,60.8, ,58.7, 
75,12/22/2014,356,0.07, ,0, ,266, ,13.2, ,74.4, ,48.9, ,58.9, ,96, ,50, ,78, ,51.9, ,2.4, ,57.9, ,58.8, 
75,12/23/2014,357,0.11,R,0, ,275, ,9.4, ,83.6,Y,50.1, ,66.1,Y,93, ,18, ,43,Y,43,Y,3.9, ,92.9, ,58.8, 
75,12/24/2014,358,0.07, ,0, ,238, ,9.2, ,74.8, ,49, ,61, ,76, ,29, ,50, ,42.5, ,2.8, ,66.6, ,58.7, 
75,12/25/2014,359,0.09, ,0, ,243, ,7.6, ,66.5, ,50.7, ,58.1, ,95, ,18, ,46, ,37.5, ,4.2, ,101.4, ,58.9, 
75,12/26/2014,360,0.15, ,0, ,286, ,2.7, ,62.6, ,48.8, ,56.2, ,30, ,14, ,17, ,12.6, ,7.9,Y,190.2,Y,57.6, 
75,12/27/2014,361,0.11, ,0, ,274, ,3.3, ,63.7, ,41, ,53.4, ,62, ,13, ,24, ,17.4, ,5.3, ,127.7, ,56.2, 
75,12/28/2014,362,0.07, ,0, ,236, ,5.5, ,62.2, ,37.7, ,49.6, ,75, ,23, ,46, ,29.6, ,3.1, ,73.7, ,55.2, 
75,12/29/2014,363,0.07, ,0, ,272, ,8.9, ,63.2, ,43.2, ,51.1, ,87, ,44, ,69, ,41.4, ,3, ,71.7, ,55, 
75,12/30/2014,364,0.03, ,0.18,R,73, ,8.9, ,57.3, ,40.4, ,49.8, ,84, ,57, ,73, ,41.5, ,6.7, ,161.9, ,55.1, 
75,12/31/2014,365,0.11, ,0.04,R,275, ,3.5, ,54.5, ,38.3, ,45, ,73, ,20, ,35, ,18.7, ,8.7,R,209.6,R,54, 
